<?xml version="1.0" encoding="UTF-8"?>
<project-private xmlns="http://www.netbeans.org/ns/project-private/1">
    <data xmlns="http://www.netbeans.org/ns/make-project-private/1">
        <activeConfTypeElem>1</activeConfTypeElem>
        <activeConfIndexElem>0</activeConfIndexElem>
    </data>
    <editor-bookmarks xmlns="http://www.netbeans.org/ns/editor-bookmarks/2" lastBookmarkId="0"/>
    <open-files xmlns="http://www.netbeans.org/ns/projectui-open-files/2">
        <group>
            <file>file:/C:/Users/andre/Documents/Universidad/Programacion_2/Lab06_POO_SobrecargaOperadores/2023_2/LAB06_PREG01_CLASES/Almacen.h</file>
            <file>file:/C:/Users/andre/Documents/Universidad/Programacion_2/Lab06_POO_SobrecargaOperadores/2023_2/LAB06_PREG01_CLASES/Pedido.h</file>
            <file>file:/C:/Users/andre/Documents/Universidad/Programacion_2/Lab06_POO_SobrecargaOperadores/2023_2/LAB06_PREG01_CLASES/main.cpp</file>
            <file>file:/C:/Users/andre/Documents/Universidad/Programacion_2/Lab06_POO_SobrecargaOperadores/2023_2/LAB06_PREG01_CLASES/Cliente.cpp</file>
            <file>file:/C:/Users/andre/Documents/Universidad/Programacion_2/Lab06_POO_SobrecargaOperadores/2023_2/LAB06_PREG01_CLASES/ProductoEntregado.cpp</file>
            <file>file:/C:/Users/andre/Documents/Universidad/Programacion_2/Lab06_POO_SobrecargaOperadores/2023_2/LAB06_PREG01_CLASES/ProductoEntregado.h</file>
            <file>file:/C:/Users/andre/Documents/Universidad/Programacion_2/Lab06_POO_SobrecargaOperadores/2023_2/LAB06_PREG01_CLASES/Cliente.h</file>
            <file>file:/C:/Users/andre/Documents/Universidad/Programacion_2/Lab06_POO_SobrecargaOperadores/2023_2/LAB06_PREG01_CLASES/Producto.cpp</file>
            <file>file:/C:/Users/andre/Documents/Universidad/Programacion_2/Lab06_POO_SobrecargaOperadores/2023_2/LAB06_PREG01_CLASES/Pedido.cpp</file>
            <file>file:/C:/Users/andre/Documents/Universidad/Programacion_2/Lab06_POO_SobrecargaOperadores/2023_2/LAB06_PREG01_CLASES/Almacen.cpp</file>
            <file>file:/C:/Users/andre/Documents/Universidad/Programacion_2/Lab06_POO_SobrecargaOperadores/2023_2/LAB06_PREG01_CLASES/Producto.h</file>
        </group>
    </open-files>
</project-private>
